/wiki/Meltryllis:Meltryllis
/wiki/Passionlip:Passionlip
/wiki/Sessh%C5%8Din_Kiara:Sessh%C5%8Din_Kiara
/wiki/Mecha_Eli-chan:Mecha_Eli-chan
/wiki/Mecha_Eli-chan_Mk.II:Mecha_Eli-chan_Mk.II
/wiki/Okita_S%C5%8Dji_(Alter):Okita_S%C5%8Dji_(Alter)
/wiki/Sitonai:Sitonai
/wiki/Kingprotea:Kingprotea
/wiki/Ashiya_D%C5%8Dman:Ashiya_D%C5%8Dman
/wiki/Manann%C3%A1n_mac_Lir_(Bazett):Manann%C3%A1n_mac_Lir_(Bazett)
/wiki/Taisui_Xingjun:Taisui_Xingjun
/wiki/Super_Bunyan:Super_Bunyan
/wiki/Xu_Fu:Xu_Fu
/wiki/Grigori_Rasputin:Grigori_Rasputin
/wiki/Larva/Tiamat:Larva/Tiamat
/wiki/EMIYA:EMIYA
/wiki/Gilgamesh:Gilgamesh
/wiki/Robin_Hood:Robin_Hood
/wiki/Atalanta:Atalanta
/wiki/Euryale:Euryale
/wiki/Arash:Arash
/wiki/Orion:Orion
/wiki/David:David
/wiki/Oda_Nobunaga:Oda_Nobunaga
/wiki/Nikola_Tesla:Nikola_Tesla
/wiki/Arjuna:Arjuna
/wiki/Kid_Gil:Kid_Gil
/wiki/Billy_the_Kid:Billy_the_Kid
/wiki/Tristan:Tristan
/wiki/Tawara_T%C5%8Dta:Tawara_T%C5%8Dta
/wiki/Chloe_von_Einzbern:Chloe_von_Einzbern
/wiki/Artoria_Pendragon_(Archer):Artoria_Pendragon_(Archer)
/wiki/Anne_Bonny_%26_Mary_Read_(Archer):Anne_Bonny_%26_Mary_Read_(Archer)
/wiki/Chloe_von_Einzbern:Chloe_von_Einzbern
/wiki/Ishtar:Ishtar
/wiki/James_Moriarty:James_Moriarty
/wiki/EMIYA_(Alter):EMIYA_(Alter)
/wiki/Helena_Blavatsky_(Archer):Helena_Blavatsky_(Archer)
/wiki/Tomoe_Gozen:Tomoe_Gozen
/wiki/Attila_the_San(ta):Attila_the_San(ta)
/wiki/Asagami_Fujino:Asagami_Fujino
/wiki/Chiron:Chiron
/wiki/Napol%C3%A9on:Napol%C3%A9on
/wiki/Jeanne_d%27Arc_(Archer):Jeanne_d%27Arc_(Archer)
/wiki/William_Tell:William_Tell
/wiki/A%C5%9Bvatth%C4%81man:A%C5%9Bvatth%C4%81man
/wiki/Paris:Paris
/wiki/Osakabehime_(Archer):Osakabehime_(Archer)
/wiki/Calamity_Jane:Calamity_Jane
/wiki/Nightingale_(Santa):Nightingale_(Santa)
/wiki/Super_Orion:Super_Orion
/wiki/Sei_Sh%C5%8Dnagon:Sei_Sh%C5%8Dnagon
/wiki/Illyasviel_von_Einzbern_(Archer):Illyasviel_von_Einzbern_(Archer)
/wiki/Oda_Nobukatsu:Oda_Nobukatsu
/wiki/Baobhan_Sith:Baobhan_Sith
/wiki/Anastasia_%26_Viy:Anastasia_%26_Viy
/wiki/Zenobia:Zenobia
/wiki/Minamoto_no_Tametomo:Minamoto_no_Tametomo
/wiki/Takasugi_Shinsaku:Takasugi_Shinsaku
/wiki/Durga:Durga
/wiki/Sasaki_Kojir%C5%8D:Sasaki_Kojir%C5%8D
/wiki/Hassan_of_the_Cursed_Arm:Hassan_of_the_Cursed_Arm
/wiki/Stheno:Stheno
/wiki/Jing_Ke:Jing_Ke
/wiki/Charles-Henri_Sanson:Charles-Henri_Sanson
/wiki/Phantom_of_the_Opera:Phantom_of_the_Opera
/wiki/Mata_Hari:Mata_Hari
/wiki/Carmilla:Carmilla
/wiki/Jack_the_Ripper:Jack_the_Ripper
/wiki/Henry_Jekyll_%26_Hyde:Henry_Jekyll_%26_Hyde
/wiki/Mysterious_Heroine_X:Mysterious_Heroine_X
/wiki/Ry%C5%8Dgi_Shiki_(Assassin):Ry%C5%8Dgi_Shiki_(Assassin)
/wiki/EMIYA_(Assassin):EMIYA_(Assassin)
/wiki/Hassan_of_the_Hundred_Faces:Hassan_of_the_Hundred_Faces
/wiki/Shuten_D%C5%8Dji:Shuten_D%C5%8Dji
/wiki/F%C5%ABma_Kotar%C5%8D:F%C5%ABma_Kotar%C5%8D
/wiki/Hassan_of_the_Serenity:Hassan_of_the_Serenity
/wiki/Sc%C3%A1thach_(Assassin):Sc%C3%A1thach_(Assassin)
/wiki/Cleopatra:Cleopatra
/wiki/%22The_Old_Man_of_the_Mountain%22:%22The_Old_Man_of_the_Mountain%22
/wiki/Yan_Qing:Yan_Qing
/wiki/Wu_Zetian:Wu_Zetian
/wiki/Nitocris_(Assassin):Nitocris_(Assassin)
/wiki/Mochizuki_Chiyome:Mochizuki_Chiyome
/wiki/Kat%C5%8D_Danz%C5%8D:Kat%C5%8D_Danz%C5%8D
/wiki/Osakabehime:Osakabehime
/wiki/Semiramis:Semiramis
/wiki/Okada_Iz%C5%8D:Okada_Iz%C5%8D
/wiki/Ushiwakamaru_(Assassin):Ushiwakamaru_(Assassin)
/wiki/Consort_Yu:Consort_Yu
/wiki/Li_Shuwen:Li_Shuwen
/wiki/Kama:Kama
/wiki/Gray:Gray
/wiki/Charlotte_Corday:Charlotte_Corday
/wiki/Okita_J_S%C5%8Dji:Okita_J_S%C5%8Dji
/wiki/Kiichi_H%C5%8Dgen:Kiichi_H%C5%8Dgen
/wiki/Koyanskaya_of_Light:Koyanskaya_of_Light
/wiki/Thr%C3%BAd_(Assassin):Thr%C3%BAd_(Assassin)
/wiki/Hildr_(Assassin):Hildr_(Assassin)
/wiki/Ortlinde_(Assassin):Ortlinde_(Assassin)
/wiki/Huyan_Zhuo:Huyan_Zhuo
/wiki/Tezcatlipoca:Tezcatlipoca
/wiki/Locusta:Locusta
/wiki/Kashin_Koji:Kashin_Koji
/wiki/Edmond_Dant%C3%A8s:Edmond_Dant%C3%A8s
/wiki/Jeanne_d%27Arc_(Alter):Jeanne_d%27Arc_(Alter)
/wiki/Angra_Mainyu:Angra_Mainyu
/wiki/Gorgon:Gorgon
/wiki/Hessian_Lobo:Hessian_Lobo
/wiki/Antonio_Salieri:Antonio_Salieri
/wiki/Demon_King_Nobunaga:Demon_King_Nobunaga
/wiki/Space_Ishtar:Space_Ishtar
/wiki/Taira_no_Kagekiyo:Taira_no_Kagekiyo
/wiki/Kama_(Avenger):Kama_(Avenger)
/wiki/Mysterious_Ranmaru_X:Mysterious_Ranmaru_X
/wiki/Utsumi_Erice_(Avenger):Utsumi_Erice_(Avenger)
/wiki/Nitocris_(Alter):Nitocris_(Alter)
/wiki/Tiamat:Tiamat
/wiki/Goetia:Goetia
/wiki/Beast_III/R:Beast_III/R
/wiki/Beast_III/L:Beast_III/L
/wiki/Beast_IV:_L:Beast_IV:_L
/wiki/Sodom%27s_Beast/Draco:Sodom%27s_Beast/Draco
/wiki/Heracles:Heracles
/wiki/Lancelot:Lancelot
/wiki/Lu_Bu_Fengxian:Lu_Bu_Fengxian
/wiki/Spartacus:Spartacus
/wiki/Sakata_Kintoki:Sakata_Kintoki
/wiki/Vlad_III:Vlad_III
/wiki/Asterios:Asterios
/wiki/Caligula:Caligula
/wiki/Darius_III:Darius_III
/wiki/Kiyohime:Kiyohime
/wiki/Eric_Bloodaxe:Eric_Bloodaxe
/wiki/Tamamo_Cat:Tamamo_Cat
/wiki/Frankenstein:Frankenstein
/wiki/Beowulf:Beowulf
/wiki/Nightingale:Nightingale
/wiki/C%C3%BA_Chulainn_(Alter):C%C3%BA_Chulainn_(Alter)
/wiki/Minamoto_no_Raik%C5%8D:Minamoto_no_Raik%C5%8D
/wiki/Ibaraki_D%C5%8Dji:Ibaraki_D%C5%8Dji
/wiki/Mysterious_Heroine_X_(Alter):Mysterious_Heroine_X_(Alter)
/wiki/Hijikata_Toshiz%C5%8D:Hijikata_Toshiz%C5%8D
/wiki/Chacha:Chacha
/wiki/Penthesilea:Penthesilea
/wiki/Paul_Bunyan:Paul_Bunyan
/wiki/Oda_Nobunaga_(Berserker):Oda_Nobunaga_(Berserker)
/wiki/Atalanta_(Alter):Atalanta_(Alter)
/wiki/Jeanne_d%27Arc_(Berserker_Alter):Jeanne_d%27Arc_(Berserker_Alter)
/wiki/Xiang_Yu:Xiang_Yu
/wiki/Arjuna_(Alter):Arjuna_(Alter)
/wiki/Mori_Nagayoshi:Mori_Nagayoshi
/wiki/Salome:Salome
/wiki/Miyamoto_Musashi_(Berserker):Miyamoto_Musashi_(Berserker)
/wiki/Kijyo_K%C5%8Dy%C5%8D:Kijyo_K%C5%8Dy%C5%8D
/wiki/Brynhildr_(Berserker):Brynhildr_(Berserker)
/wiki/Galatea:Galatea
/wiki/Morgan:Morgan
/wiki/Sei_Sh%C5%8Dnagon_(Berserker):Sei_Sh%C5%8Dnagon_(Berserker)
/wiki/Kriemhild:Kriemhild
/wiki/Ibuki_D%C5%8Dji_(Berserker):Ibuki_D%C5%8Dji_(Berserker)
/wiki/Sen_no_Riky%C5%AB:Sen_no_Riky%C5%AB
/wiki/Duryodhana:Duryodhana
/wiki/Medea:Medea
/wiki/Gilles_de_Rais:Gilles_de_Rais
/wiki/Hans_Christian_Andersen:Hans_Christian_Andersen
/wiki/William_Shakespeare:William_Shakespeare
/wiki/Mephistopheles:Mephistopheles
/wiki/Wolfgang_Amadeus_Mozart:Wolfgang_Amadeus_Mozart
/wiki/Zhuge_Liang_(Lord_El-Melloi_II):Zhuge_Liang_(Lord_El-Melloi_II)
/wiki/C%C3%BA_Chulainn_(Caster):C%C3%BA_Chulainn_(Caster)
/wiki/Elizabeth_B%C3%A1thory_(Halloween):Elizabeth_B%C3%A1thory_(Halloween)
/wiki/Tamamo_no_Mae:Tamamo_no_Mae
/wiki/Medea_(Lily):Medea_(Lily)
/wiki/Nursery_Rhyme:Nursery_Rhyme
/wiki/Paracelsus_von_Hohenheim:Paracelsus_von_Hohenheim
/wiki/Charles_Babbage:Charles_Babbage
/wiki/Solomon_(Enemy):Solomon_(Enemy)
/wiki/Helena_Blavatsky:Helena_Blavatsky
/wiki/Thomas_Edison:Thomas_Edison
/wiki/Geronimo:Geronimo
/wiki/Irisviel_(Dress_of_Heaven):Irisviel_(Dress_of_Heaven)
/wiki/Xuanzang_Sanzang:Xuanzang_Sanzang
/wiki/Nitocris:Nitocris
/wiki/Leonardo_Da_Vinci:Leonardo_Da_Vinci
/wiki/Marie_Antoinette_(Caster):Marie_Antoinette_(Caster)
/wiki/Illyasviel_von_Einzbern:Illyasviel_von_Einzbern
/wiki/Gilgamesh_(Caster):Gilgamesh_(Caster)
/wiki/Merlin:Merlin
/wiki/Scheherazade:Scheherazade
/wiki/Nero_Claudius_(Caster):Nero_Claudius_(Caster)
/wiki/Circe:Circe
/wiki/Queen_of_Sheba:Queen_of_Sheba
/wiki/Anastasia:Anastasia
/wiki/Avicebron:Avicebron
/wiki/Sieg:Sieg
/wiki/Sc%C3%A1thach-Ska%C3%B0i:Sc%C3%A1thach-Ska%C3%B0i
/wiki/Shuten_D%C5%8Dji_(Caster):Shuten_D%C5%8Dji_(Caster)
/wiki/Miyu_Edelfelt:Miyu_Edelfelt
/wiki/Murasaki_Shikibu:Murasaki_Shikibu
/wiki/Asclepius:Asclepius
/wiki/Chen_Gong:Chen_Gong
/wiki/Artoria_Caster:Artoria_Caster
/wiki/Miss_Crane:Miss_Crane
/wiki/Charlotte_Corday_(Caster):Charlotte_Corday_(Caster)
/wiki/Izumo_no_Okuni:Izumo_no_Okuni
/wiki/Martha_(Santa):Martha_(Santa)
/wiki/Daikokuten:Daikokuten
/wiki/Zhang_Jue:Zhang_Jue
/wiki/Wu_Zetian_(Caster):Wu_Zetian_(Caster)
/wiki/Aesc_the_Savior:Aesc_the_Savior
/wiki/Abigail_Williams:Abigail_Williams
/wiki/Katsushika_Hokusai:Katsushika_Hokusai
/wiki/Mysterious_Heroine_XX:Mysterious_Heroine_XX
/wiki/Yang_Guifei:Yang_Guifei
/wiki/Voyager:Voyager
/wiki/Abigail_Williams_(Summer):Abigail_Williams_(Summer)
/wiki/Van_Gogh:Van_Gogh
/wiki/Mysterious_Idol_X_(Alter):Mysterious_Idol_X_(Alter)
/wiki/Jacques_de_Molay:Jacques_de_Molay
/wiki/Koyanskaya_of_Darkness:Koyanskaya_of_Darkness
/wiki/Kukulkan:Kukulkan
/wiki/C%C3%BA_Chulainn:C%C3%BA_Chulainn
/wiki/Elizabeth_B%C3%A1thory:Elizabeth_B%C3%A1thory
/wiki/Musashib%C5%8D_Benkei:Musashib%C5%8D_Benkei
/wiki/C%C3%BA_Chulainn_(Prototype):C%C3%BA_Chulainn_(Prototype)
/wiki/Leonidas_I:Leonidas_I
/wiki/Romulus:Romulus
/wiki/Hector:Hector
/wiki/Sc%C3%A1thach:Sc%C3%A1thach
/wiki/Diarmuid_Ua_Duibhne:Diarmuid_Ua_Duibhne
/wiki/Artoria_Pendragon_(Lancer_Alter):Artoria_Pendragon_(Lancer_Alter)
/wiki/Karna:Karna
/wiki/Fionn_mac_Cumhaill:Fionn_mac_Cumhaill
/wiki/Brynhildr:Brynhildr
/wiki/Li_Shuwen_(Lancer):Li_Shuwen_(Lancer)
/wiki/Artoria_Pendragon_(Lancer):Artoria_Pendragon_(Lancer)
/wiki/Tamamo_no_Mae_(Lancer):Tamamo_no_Mae_(Lancer)
/wiki/Kiyohime_(Lancer):Kiyohime_(Lancer)
/wiki/Vlad_III_(EXTRA):Vlad_III_(EXTRA)
/wiki/Jeanne_d%27Arc_Alter_Santa_Lily:Jeanne_d%27Arc_Alter_Santa_Lily
/wiki/Enkidu:Enkidu
/wiki/Medusa_(Lancer):Medusa_(Lancer)
/wiki/Jaguar_Man:Jaguar_Man
/wiki/Minamoto_no_Raik%C5%8D_(Lancer):Minamoto_no_Raik%C5%8D_(Lancer)
/wiki/Parvati:Parvati
/wiki/H%C5%8Dz%C5%8Din_Inshun:H%C5%8Dz%C5%8Din_Inshun
/wiki/Nezha:Nezha
/wiki/Ereshkigal:Ereshkigal
/wiki/Valkyrie:Valkyrie
/wiki/Ibaraki_D%C5%8Dji_(Lancer):Ibaraki_D%C5%8Dji_(Lancer)
/wiki/Qin_Liangyu:Qin_Liangyu
/wiki/Bradamante:Bradamante
/wiki/Nagao_Kagetora:Nagao_Kagetora
/wiki/Gareth:Gareth
/wiki/Mysterious_Alter_Ego_%CE%9B:Mysterious_Alter_Ego_%CE%9B
/wiki/Caenis:Caenis
/wiki/Romulus-Quirinus:Romulus-Quirinus
/wiki/Utsumi_Erice:Utsumi_Erice
/wiki/Consort_Yu_(Lancer):Consort_Yu_(Lancer)
/wiki/Vritra:Vritra
/wiki/M%C3%A9lusine:M%C3%A9lusine
/wiki/Percival:Percival
/wiki/Sakamoto_Ry%C5%8Dma_(Lancer):Sakamoto_Ry%C5%8Dma_(Lancer)
/wiki/Mary_Anning:Mary_Anning
/wiki/Don_Quixote:Don_Quixote
/wiki/Britomart:Britomart
/wiki/Bhima:Bhima
/wiki/BB:BB
/wiki/BB_(Summer):BB_(Summer)
/wiki/Jinako_Carigiri:Jinako_Carigiri
/wiki/Sessh%C5%8Din_Kiara_(Moon_Cancer):Sessh%C5%8Din_Kiara_(Moon_Cancer)
/wiki/Archetype:_Earth:Archetype:_Earth
/wiki/Oberon:Oberon
/wiki/Hephaestion:Hephaestion
/wiki/Lady_Avalon:Lady_Avalon
/wiki/Nine-Tattoo_Dragon_Eliza:Nine-Tattoo_Dragon_Eliza
/wiki/Tenochtitlan:Tenochtitlan
/wiki/Medusa:Medusa
/wiki/Georgios:Georgios
/wiki/Edward_Teach:Edward_Teach
/wiki/Boudica:Boudica
/wiki/Ushiwakamaru:Ushiwakamaru
/wiki/Alexander:Alexander
/wiki/Marie_Antoinette:Marie_Antoinette
/wiki/Martha:Martha
/wiki/Francis_Drake:Francis_Drake
/wiki/Anne_Bonny_%26_Mary_Read:Anne_Bonny_%26_Mary_Read
/wiki/Artoria_Pendragon_(Santa_Alter):Artoria_Pendragon_(Santa_Alter)
/wiki/Astolfo:Astolfo
/wiki/Queen_Medb:Queen_Medb
/wiki/Iskandar:Iskandar
/wiki/Sakata_Kintoki_(Rider):Sakata_Kintoki_(Rider)
/wiki/Ozymandias:Ozymandias
/wiki/Mordred_(Rider):Mordred_(Rider)
/wiki/Quetzalcoatl:Quetzalcoatl
/wiki/Christopher_Columbus:Christopher_Columbus
/wiki/Artoria_Pendragon_(Rider_Alter):Artoria_Pendragon_(Rider_Alter)
/wiki/Ishtar_(Rider):Ishtar_(Rider)
/wiki/Ivan_the_Terrible:Ivan_the_Terrible
/wiki/Achilles:Achilles
/wiki/Sakamoto_Ry%C5%8Dma:Sakamoto_Ry%C5%8Dma
/wiki/Red_Hare:Red_Hare
/wiki/Sima_Yi_(Reines):Sima_Yi_(Reines)
/wiki/Leonardo_Da_Vinci_(Rider):Leonardo_Da_Vinci_(Rider)
/wiki/Bartholomew_Roberts:Bartholomew_Roberts
/wiki/Carmilla_(Rider):Carmilla_(Rider)
/wiki/Mandricardo:Mandricardo
/wiki/Europa:Europa
/wiki/Odysseus:Odysseus
/wiki/Murasaki_Shikibu_(Rider):Murasaki_Shikibu_(Rider)
/wiki/Nemo:Nemo
/wiki/Habetrot:Habetrot
/wiki/Caenis_(Rider):Caenis_(Rider)
/wiki/Elizabeth_B%C3%A1thory_(Cinderella):Elizabeth_B%C3%A1thory_(Cinderella)
/wiki/Tai_Gong_Wang:Tai_Gong_Wang
/wiki/Dobrynya_Nikitich:Dobrynya_Nikitich
/wiki/Constantine_XI:Constantine_XI
/wiki/Kyokutei_Bakin:Kyokutei_Bakin
/wiki/Huang_Feihu:Huang_Feihu
/wiki/Jeanne_d%27Arc:Jeanne_d%27Arc
/wiki/Amakusa_Shir%C5%8D:Amakusa_Shir%C5%8D
/wiki/Martha_(Ruler):Martha_(Ruler)
/wiki/Sherlock_Holmes:Sherlock_Holmes
/wiki/Shi_Huang_Di:Shi_Huang_Di
/wiki/Quetzalcoatl_(Samba/Santa):Quetzalcoatl_(Samba/Santa)
/wiki/Astraea:Astraea
/wiki/Artoria_Pendragon_(Ruler):Artoria_Pendragon_(Ruler)
/wiki/Himiko:Himiko
/wiki/Amor_(Caren):Amor_(Caren)
/wiki/Leonardo_Da_Vinci_(Ruler):Leonardo_Da_Vinci_(Ruler)
/wiki/James_Moriarty_(Ruler):James_Moriarty_(Ruler)
/wiki/Sc%C3%A1thach-Ska%C3%B0i_(Ruler):Sc%C3%A1thach-Ska%C3%B0i_(Ruler)
/wiki/Iyo:Iyo
/wiki/Popess_Johanna:Popess_Johanna
/wiki/Artoria_Pendragon:Artoria_Pendragon
/wiki/Artoria_Pendragon_(Alter):Artoria_Pendragon_(Alter)
/wiki/Artoria_Pendragon_(Lily):Artoria_Pendragon_(Lily)
/wiki/Nero_Claudius:Nero_Claudius
/wiki/Siegfried:Siegfried
/wiki/Gaius_Julius_Caesar:Gaius_Julius_Caesar
/wiki/Altera:Altera
/wiki/Gilles_de_Rais_(Saber):Gilles_de_Rais_(Saber)
/wiki/Chevalier_d%27Eon:Chevalier_d%27Eon
/wiki/Okita_S%C5%8Dji:Okita_S%C5%8Dji
/wiki/Fergus_mac_R%C3%B3ich:Fergus_mac_R%C3%B3ich
/wiki/Mordred:Mordred
/wiki/Nero_Claudius_(Bride):Nero_Claudius_(Bride)
/wiki/Ry%C5%8Dgi_Shiki_(Saber):Ry%C5%8Dgi_Shiki_(Saber)
/wiki/Rama:Rama
/wiki/Lancelot_(Saber):Lancelot_(Saber)
/wiki/Gawain:Gawain
/wiki/Bedivere:Bedivere
/wiki/Elizabeth_B%C3%A1thory_(Brave):Elizabeth_B%C3%A1thory_(Brave)
/wiki/Miyamoto_Musashi:Miyamoto_Musashi
/wiki/Arthur_Pendragon_(Prototype):Arthur_Pendragon_(Prototype)
/wiki/Suzuka_Gozen:Suzuka_Gozen
/wiki/Frankenstein_(Saber):Frankenstein_(Saber)
/wiki/Yagy%C5%AB_Munenori:Yagy%C5%AB_Munenori
/wiki/Sigurd:Sigurd
/wiki/Queen_Medb_(Saber):Queen_Medb_(Saber)
/wiki/Diarmuid_Ua_Duibhne_(Saber):Diarmuid_Ua_Duibhne_(Saber)
/wiki/Lanling_Wang:Lanling_Wang
/wiki/Beni-Enma:Beni-Enma
/wiki/Lakshmibai:Lakshmibai
/wiki/Jason:Jason
/wiki/Katsushika_Hokusai_(Saber):Katsushika_Hokusai_(Saber)
/wiki/Astolfo_(Saber):Astolfo_(Saber)
/wiki/Dioscuri:Dioscuri
/wiki/Tomoe_Gozen_(Saber):Tomoe_Gozen_(Saber)
/wiki/Sait%C5%8D_Hajime:Sait%C5%8D_Hajime
/wiki/Watanabe_no_Tsuna:Watanabe_no_Tsuna
/wiki/Ibuki_D%C5%8Dji:Ibuki_D%C5%8Dji
/wiki/Karna_(Santa):Karna_(Santa)
/wiki/Senji_Muramasa:Senji_Muramasa
/wiki/Barghest:Barghest
/wiki/Okita_S%C5%8Dji_(Saber_Alter):Okita_S%C5%8Dji_(Saber_Alter)
/wiki/Trung_Sisters:Trung_Sisters
/wiki/Charlemagne:Charlemagne
/wiki/Roland:Roland
/wiki/Gareth_(Saber):Gareth_(Saber)
/wiki/Yamanami_Keisuke:Yamanami_Keisuke
/wiki/S%C3%A9tanta:S%C3%A9tanta
/wiki/Medusa_(Saber):Medusa_(Saber)
/wiki/Mashu_Kyrielight:Mashu_Kyrielight
/wiki/Mashu_Kyrielight:Mashu_Kyrielight
/wiki/Mashu_Kyrielight:Mashu_Kyrielight
